{"cameraMode":{"drawMode":0,"name":"Shaded","section":"Shading Mode"},"sceneLighting":false,"audioPlay":false,"sceneViewState":{"m_AlwaysRefresh":false,"showFog":true,"showSkybox":false,"showFlares":true,"showImageEffects":true,"showParticleSystems":true,"showVisualEffectGraphs":true,"m_FxEnabled":false},"in2DMode":false,"pivot":{"x":-10.619999885559082,"y":1.0579999685287476,"z":-11.220000267028809},"rotation":{"x":0.14172737300395966,"y":0.0053461636416614059,"z":-0.000837232859339565,"w":0.9898756146430969},"size":1.528320550918579,"orthographic":false}