{"cameraMode":{"drawMode":0,"name":"Shaded","section":"Shading Mode"},"sceneLighting":true,"audioPlay":false,"sceneViewState":{"m_AlwaysRefresh":false,"showFog":true,"showSkybox":true,"showFlares":true,"showImageEffects":true,"showParticleSystems":true,"showVisualEffectGraphs":true,"m_FxEnabled":false},"in2DMode":false,"pivot":{"x":49.61712646484375,"y":23.622772216796876,"z":-83.94611358642578},"rotation":{"x":-0.10599799454212189,"y":-0.015215958468616009,"z":0.0016222769627347589,"w":-0.9942524433135986},"size":37.45317840576172,"orthographic":false}