{"cameraMode":{"drawMode":0,"name":"Shaded","section":"Shading Mode"},"sceneLighting":false,"audioPlay":false,"sceneViewState":{"m_AlwaysRefresh":false,"showFog":true,"showSkybox":false,"showFlares":true,"showImageEffects":true,"showParticleSystems":true,"showVisualEffectGraphs":true,"m_FxEnabled":false},"in2DMode":false,"pivot":{"x":0.9262846112251282,"y":0.7094262838363648,"z":1.2149367332458497},"rotation":{"x":0.3777938783168793,"y":-0.1734345406293869,"z":0.07226179540157318,"w":0.9066545963287354},"size":1.7538739442825318,"orthographic":false}