{"cameraMode":{"drawMode":0,"name":"Shaded","section":"Shading Mode"},"sceneLighting":false,"audioPlay":false,"sceneViewState":{"m_AlwaysRefresh":false,"showFog":true,"showSkybox":false,"showFlares":true,"showImageEffects":true,"showParticleSystems":true,"showVisualEffectGraphs":true,"m_FxEnabled":false},"in2DMode":false,"pivot":{"x":-1.055646538734436,"y":0.7306652665138245,"z":1.6402522325515748},"rotation":{"x":0.10989108681678772,"y":-0.3993837535381317,"z":0.04826467111706734,"w":0.9089229702949524},"size":1.7538739442825318,"orthographic":false}